designation,kind,family,scope,meanings_by_document,expansion,confidence,uses,documents,principal_document,alternate_expansions,note
AC,term,,,,alternating current,accepted,47,7,dba-en/DBA-ES-TX-FC3_HVDC_Interconnect.pdf,,Standard term
ACE,term,,,,Area Control Error,defined,25,2,command-broker/CB-UC-1_BA_Integrated_Interface.pdf,,
AF,term,,,,Availability Factor,defined,84,1,papers/GenMix_Optimization_Whitepaper.pdf,EIA Electric Power Annual,
AGA,term,,,,American Gas Association,defined,14,4,dba-en/DBA-GAS-POL_Deterrence.pdf,,
AGC,term,,,,automatic generation control,accepted,13,4,awb/BES_Asset_Nomenclature_Specification.pdf,,NERC BAL standard term
AI,term,,,,Gen AI,accepted,1008,45,command-broker/CB_Implementation_Guide.pdf,,Author's call — used throughout in the generative-AI sense
ANS-5.1,term,,,,"ANSI/ANS-5.1, Decay Heat Power in Light Water Reactors",accepted,5,1,dba-ma-smr/DBA-MA-SMR-FC1-TB1_Multi_Module_ASSC_Adequacy.pdf,,ANS decay heat standard
ANSI,term,,,,american national standards institute,accepted,13,3,awb/BES_Asset_Nomenclature_Specification.pdf,,U.S. voluntary standards and conformity assessment system
AOO,term,,,,Asset Owners and Operators,defined,117,9,command-broker/DBA-VC_Vendor_Companion.pdf,,
APC,term,,,,Advanced Process Control,defined,71,7,dba-en/DBA-GAS-FC2_Natural_Gas_Processing.pdf,,
APC-SIS,term,,,,advanced process control - safety instrumented system,accepted,3,1,dba-en/DBA-GAS-FC2_Natural_Gas_Processing.pdf,,
API,term,,,,and the American Petroleum Institute,defined,21,7,awb/ERT_Companion_Proposal.pdf,,
ASSC,term,,,,Autonomous Safe Shutdown Condition,defined,99,4,dba-ma-smr/DBA-MA-SMR-FC1_SMR_Facility_Class_Design_Basis.pdf,SMR Autonomous Safe Shutdown Condition | Autonomous Safe Shutdown Condition The Autonomous Safe Shutdown Condition,
BA,term,,,,Balancing Authority,defined,72,9,dba-en/DBA-ES-CntlCo_Control_Company.pdf,,
BAL-001-2,term,,,,Real Power Balancing Control Performance,accepted,2,2,command-broker/CB-UC-1_BA_Integrated_Interface.pdf,,"NERC Reliability Standard BAL-001, version 2"
BAL-003,term,,global,,Frequency Response and Frequency Bias Setting,accepted,6,1,dba-en/DBA-ES-HY-FC1_Hydroelectric_Storage.pdf,,NERC Reliability Standard BAL-003
BAL-003-2,term,,,,Frequency Response and Frequency Bias Setting,accepted,2,2,dba-en/DBA-ES-HY-FC1_Hydroelectric_Storage.pdf,,"NERC Reliability Standard BAL-003, version 2"
BCC,term,,,,balance control center,accepted,17,2,dba-en/DBA-ES-CntlCo_Control_Company.pdf,,monitoring/managing the balance of electricity within a specific ACE
BCSI,term,,,,BES Cyber System Information,defined,14,1,awb/ERT_Companion_Proposal.pdf,,
BES,term,,,,bulk electric system,accepted,104,13,awb/BES_Asset_Nomenclature_Specification.pdf,,Expanded in the BES Asset Nomenclature Specification
BESS,term,,,,battery energy storage system,accepted,128,7,dba-en/DBA-ES-GN-FC8_Renewable_Generation_BESS.pdf,,store excess electricity and release during peak demand
BKR,term,,,,breaker,accepted,10,1,awb/BES_Asset_Nomenclature_Specification.pdf,,
BLEVE,term,,,,Boiling Liquid Expanding Vapor Explosion,defined,22,4,dba-en/DBA-GAS-UC-LNG_LNG_Terminal.pdf,,
BMS,term,,,,battery management system,accepted,19,1,dba-en/DBA-ES-GN-FC8_Renewable_Generation_BESS.pdf,,monitors and controls batteries used to store energy
BSEE,term,,,,Bureau of Safety and Environmental Enforcement,accepted,19,4,dba-en/DBA-OIL-FC2_Offshore_Crude_Production.pdf,,regulation of the offshore oil and gas exploration and production
BWR,term,,,,boiling water reactor,accepted,8,2,dba-uxs/DBA-MA-UxS-NA_Nuclear_Annex.pdf,,one of two primary light water reactor designs
BWRX-300,term,,global,,"approximately 300 MWe per module, a boiling-water variant",defined,3,1,dba-ma-smr/DBA-MA-SMR-FC1_SMR_Facility_Class_Design_Basis.pdf,,
CA,term,,,,cyber asset,accepted,12,2,awb/ERT_Companion_Proposal.pdf,,"one of many tabs in the NERC CIP evidence request tool, and in general for NERC CIP"
CB,term,,,,Command Broker,defined,126,11,command-broker/CB-IB_Qualification_Standard.pdf,for the Command Broker,
CB-1,term,,global,,Superseded working vocabulary - communications backup channel; see DBA-MA-CDB CDB-1..CDB-7,accepted,63,15,dba-en/DBA-ES-TX-FC3_HVDC_Interconnect.pdf,,"SUPERSEDED. DBA-MA-CDB v0.2 §1.2 (""Naming Note: CDB versus CB"") replaces the CB-1-CB-5 communications enumeration with CDB-1-CDB-7, expressly to avoid collision with the Command Broker (CB) construct. Mapping is not one-to-one: CDB-1-CDB-5 were newly drafted; only former CB-3 and CB-4 carried across, as CDB-6 and CDB-7."
CB-2,term,,global,,Superseded working vocabulary - local authority; see DBA-MA-CDB CDB-1..CDB-7,accepted,22,9,dba-en/DBA-ES-GC-FC4_Compressor_Station.pdf,,"SUPERSEDED. DBA-MA-CDB v0.2 §1.2 (""Naming Note: CDB versus CB"") replaces the CB-1-CB-5 communications enumeration with CDB-1-CDB-7, expressly to avoid collision with the Command Broker (CB) construct. Mapping is not one-to-one: CDB-1-CDB-5 were newly drafted; only former CB-3 and CB-4 carried across, as CDB-6 and CDB-7."
CB-3,term,,global,,Superseded working vocabulary - Command Broker continuity; carried across as DBA-MA-CDB CDB-6,accepted,24,10,dba-en/DBA-ES-DI-FC5_Distribution_Edge_Generation.pdf,,"SUPERSEDED. DBA-MA-CDB v0.2 §1.2 (""Naming Note: CDB versus CB"") replaces the CB-1-CB-5 communications enumeration with CDB-1-CDB-7, expressly to avoid collision with the Command Broker (CB) construct. Mapping is not one-to-one: CDB-1-CDB-5 were newly drafted; only former CB-3 and CB-4 carried across, as CDB-6 and CDB-7."
CB-4,term,,global,,Superseded working vocabulary - verification cadence; carried across as DBA-MA-CDB CDB-7,accepted,12,10,dba-ma/DBA-MA-CDB_Military_Action_Communications_Design_Basis.pdf,,"SUPERSEDED. DBA-MA-CDB v0.2 §1.2 (""Naming Note: CDB versus CB"") replaces the CB-1-CB-5 communications enumeration with CDB-1-CDB-7, expressly to avoid collision with the Command Broker (CB) construct. Mapping is not one-to-one: CDB-1-CDB-5 were newly drafted; only former CB-3 and CB-4 carried across, as CDB-6 and CDB-7."
CB-5,term,,global,,Superseded working vocabulary - degraded-mode procedures; see DBA-MA-CDB CDB-1..CDB-7,accepted,53,15,dba-en/DBA-ES-GN-FC7_Oil_Fired_Generation.pdf,,"SUPERSEDED. DBA-MA-CDB v0.2 §1.2 (""Naming Note: CDB versus CB"") replaces the CB-1-CB-5 communications enumeration with CDB-1-CDB-7, expressly to avoid collision with the Command Broker (CB) construct. Mapping is not one-to-one: CDB-1-CDB-5 were newly drafted; only former CB-3 and CB-4 carried across, as CDB-6 and CDB-7."
CB-CT,term,,,,Commissioning and Joint Training,manifest,16,7,CB-CT_Commissioning_and_Joint_Training.pdf,,
CB-IB,term,,,,CB-IB Qualification Standard,manifest,31,6,CB-IB_Qualification_Standard.pdf,,
CB-UC,term,,,,command broker series - use case,accepted,7,2,dba-en/DBA-ES-DI-FC5_Distribution_Edge_Generation.pdf,,The Command Broker series governs the Bright Line and Command Broker architecture applied in DI-FC5
CB-UC-1,term,,global,,BA Integrated Interface,manifest,39,6,CB-UC-1_BA_Integrated_Interface.pdf,,
CCEI,term,,,,civilian critical energy infrastructure,accepted,14,1,papers/UA_Grid_Defense_Cyber_Kinetic.pdf,,The civilian version of defense-critical energy infrastructure
CCGT,term,,,,combined cycle gas turbine,accepted,31,2,papers/GenMix_Optimization_Whitepaper.pdf,,uses both gas and steam turbines to produce electricity
CCR,term,,,,coal combustion residual,accepted,49,3,dba-en/DBA-ES-GN-FC6_Coal_Generation.pdf,,Expanded in DBA-ES-GN-FC6
CDB-1,term,,global,,Degradation as baseline,accepted,12,1,dba-ma/DBA-MA-CDB_Military_Action_Communications_Design_Basis.pdf,,DBA-MA-CDB v0.2 §2
CDB-4,term,,global,,Verified independent channels,accepted,5,1,dba-ma/DBA-MA-CDB_Military_Action_Communications_Design_Basis.pdf,,DBA-MA-CDB v0.2 §2; intersects the Command Broker
CDB-5,term,,global,,Coordination without shared connectivity,accepted,7,1,dba-ma/DBA-MA-CDB_Military_Action_Communications_Design_Basis.pdf,,DBA-MA-CDB v0.2 §2
CDB-6,term,,global,,Command Broker continuity,accepted,10,1,dba-ma/DBA-MA-CDB_Military_Action_Communications_Design_Basis.pdf,,DBA-MA-CDB v0.2 §2; absorbed from former CB-3
CDB-7,term,,global,,Verification cadence,accepted,12,1,dba-ma/DBA-MA-CDB_Military_Action_Communications_Design_Basis.pdf,,DBA-MA-CDB v0.2 §2; absorbed from former CB-4
CDU,term,,,,Crude Distillation Unit,defined,15,1,dba-en/DBA-OIL-FC1_Petroleum_Refining.pdf,,
CE,family,,,,Control and Communications Events,defined,31,7,dba-en/DBA-ES-GC-FC4_Compressor_Station.pdf,,
CE-1,member,CE,per-document,DBA-DC-FC1_Hyperscale_Design_Basis.pdf = Single-provider connectivity loss | DBA-ES-DI-FC5_Distribution_Edge_Generation.pdf = SCADA communications loss | DBA-ES-GC-FC4_Compressor_Station.pdf = Loss of pipeline SCADA at compressor station | DBA-ES-TX-FC2_EHV_Substation.pdf = Loss of substation SCADA,,defined,17,5,dba-dc/DBA-DC-FC1_Hyperscale_Design_Basis.pdf,,
CE-2,member,CE,per-document,DBA-DC-FC1_Hyperscale_Design_Basis.pdf = Area-wide connectivity loss | DBA-ES-DI-FC5_Distribution_Edge_Generation.pdf = Microgrid controller failure | DBA-ES-GC-FC4_Compressor_Station.pdf = Cyber intrusion into compressor station control systems | DBA-ES-TX-FC2_EHV_Substation.pdf = Protective relay misoperation,,defined,12,6,dba-dc/DBA-DC-FC1_Hyperscale_Design_Basis.pdf,,
CE-3,member,CE,per-document,DBA-ES-DI-FC5_Distribution_Edge_Generation.pdf = Protection relay malfunction | DBA-ES-GC-FC4_Compressor_Station.pdf = Loss of gas control center situational awareness | DBA-ES-TX-FC2_EHV_Substation.pdf = EMS failure at CntlCo,control and communications events,accepted,8,5,dba-en/DBA-ES-GC-FC4_Compressor_Station.pdf,,Loss of gas control center situational awareness
CE-4,member,CE,per-document,DBA-EN-SF_Energy_Sector_Framework.pdf = cyber intrusion | DBA-ES-GC-FC4_Compressor_Station.pdf = GenCo-pipeline operator communications failure | DBA-ES-TX-FC2_EHV_Substation.pdf = Cyber intrusion into substation controls,control and communications events,accepted,5,3,dba-en/DBA-ES-GC-FC4_Compressor_Station.pdf,,GenCo — pipeline operator communications failure
CF,term,,,,Capacity Factor,defined,94,1,papers/GenMix_Optimization_Whitepaper.pdf,,
CFATS,term,,,,Chemical Facility Anti-Terrorism Standards,accepted,14,4,dba-en/DBA-GAS-POL_Deterrence.pdf,,"This program expired on July 28, 2023"
CFR,term,,,,,accepted,85,20,dba-en/DBA-OIL_Sector_Framework.pdf,,Standard citation form (Code of Federal Regulations)
CIKR,term,,,,Critical Infrastructure and Key Resources,defined,8,2,dba-ma/DBA-MA_ONG_Series_Introduction.pdf,,
CIP,term,,,,Critical Infrastructure Protection,defined,101,18,awb/ERT_Companion_Proposal.pdf,NERC Critical Infrastructure Protection,
CIP-002,term,,,,,unresolved,11,5,awb/Tiered_Assessment_Framework.pdf,,
CIP-013,term,,global,,supply chain,defined,27,4,awb/SCRM_Companion_Agent.pdf,,
CIP-014,term,,per-document,DBA-ES-HY-FC1_Hydroelectric_Storage.pdf = Physical Security | DBA-ES-TX-FC2_EHV_Substation.pdf = Physical Security | DBA-GAS-POL_Deterrence.pdf = Electricity | DBA-OIL_Sector_Framework.pdf = where applicable,Physical Security,candidate,88,19,dba-en/DBA-GAS-POL_Deterrence.pdf,,
CIP-014-3,term,,,,,unresolved,8,8,dba-en/DBA-EN-SF_Energy_Sector_Framework.pdf,,
CISA,term,,,,Cybersecurity and Infrastructure Security Agency,defined,62,20,dba-en/DBA-ES-GN-FC8_Renewable_Generation_BESS.pdf,,
CMDB,term,,,,,unresolved,8,1,awb/ERT_Companion_Proposal.pdf,,
CVE-2025-5678,term,,,,,unresolved,2,1,awb/SCRM_Companion_Agent.pdf,,
DB,term,,,,Design Basis,defined,156,25,dba-en/DBA-GAS-FC2_Natural_Gas_Processing.pdf,,
DBA,term,,,,Design Basis Accident,defined,276,31,command-broker/DBA-VC_Vendor_Companion.pdf,,
DBA-DC,term,,per-document,DBA-EN-SF_Energy_Sector_Framework.pdf = v1.9 | DBA-EN_Series_Introduction.pdf = hyperscale data center | DBA-ES_Sector_Framework.pdf = v1.6 | DBA-UxS_Cross_Sector.pdf = Data Centers,Data Centers,candidate,61,9,dba-en/DBA-ES_Sector_Framework.pdf,Data Center Series,
DBA-DC-L1,term,,,,,unresolved,11,7,dba-en/DBA-ES_Sector_Framework.pdf,,
DBA-DC-L3-003,term,,,,,unresolved,2,1,dba-dc/DBA-DC-FC1_Hyperscale_Design_Basis.pdf,,
DBA-EN,term,,per-document,DBA-VC_Vendor_Companion.pdf = energy | DBA-EN-SF_Energy_Sector_Framework.pdf = CrossSector,DBA-EN Series Introduction,manifest,84,11,DBA-EN_Series_Introduction.pdf,,
DBA-EN-SF,term,,per-document,"DBA-VC_Vendor_Companion.pdf = v0.8 | DBA-EN-SF_Energy_Sector_Framework.pdf = this document | DBA-ES-GN-FC6_Coal_Generation.pdf = §4.2 | DBA-ES-GN-FC7_Oil_Fired_Generation.pdf = §4.2 | DBA-ES-GN-FC8_Renewable_Generation_BESS.pdf = §4.2 | DBA-GAS-FC3_Underground_Storage.pdf = §4.2 | DBA-GAS-FC4_Local_Distribution.pdf = OI-4, now addressed | DBA-OIL-FC1_Petroleum_Refining.pdf = §4.2 | DBA-OIL-FC2_Offshore_Crude_Production.pdf = §4.2 | DBA-OIL-FC3_Terminals_Storage.pdf = §4.2",Energy Sector Framework,manifest,203,26,DBA-EN-SF_Energy_Sector_Framework.pdf,,
DBA-EN-UC-1,term,,global,,v0.1,defined,7,2,dba-en/DBA-GAS-FC2_Natural_Gas_Processing.pdf,,
DBA-EN-UC-2,term,,,,,unresolved,6,4,dba-en/DBA-ES-CntlCo_Control_Company.pdf,,
DBA-ENSF,term,,,,,unresolved,6,4,dba-en/DBA-EN_Series_Introduction.pdf,,
DBA-ES,term,,per-document,"DBA-DC-FC1_Hyperscale_Design_Basis.pdf = will establish the baseline methodology at sector scale | DBA-EN-SF_Energy_Sector_Framework.pdf = Electric sector | DBA-EN_Series_Introduction.pdf = Electric, sector framework v0.8, eleven instruments",DBA-ES Sector Framework,manifest,311,24,DBA-ES_Sector_Framework.pdf,,
DBA-ES-CL,term,,global,,Critical Loads,candidate,14,3,dba-en/DBA-EN-SF_Energy_Sector_Framework.pdf,Facility Class NIPP Sector Status Primary Regulatory Anchor Critical Loads,
DBA-ES-DI-FC5,term,,global,,Distribution Substation with Edge Generation,manifest,37,6,DBA-ES-DI-FC5_Distribution_Edge_Generation.pdf,,
DBA-ES-GC-FC4,term,,per-document,DBA-EN-SF_Energy_Sector_Framework.pdf = v0.5 | DBA-ES_Sector_Framework.pdf = compressor stations in electric generation support corridors | DBA-GAS-FC4_Local_Distribution.pdf = XC-4,Gas-Electric Cascade Compressor Station,manifest,77,10,DBA-ES-GC-FC4_Compressor_Station.pdf,,
DBA-ES-GCFC4,term,,global,,v0.5,defined,6,3,dba-en/DBA-EN-SF_Energy_Sector_Framework.pdf,,
DBA-ES-GN,term,,,,,unresolved,2,1,dba-en/DBA-ES-GN-FC8_Renewable_Generation_BESS.pdf,,
DBA-ES-GN-FC6,term,,per-document,"DBA-EN-SF_Energy_Sector_Framework.pdf = v0.2 | DBA-ES_Sector_Framework.pdf = coal-fired generation, Active v0.1",Coal-Fired Generation,manifest,37,6,DBA-ES-GN-FC6_Coal_Generation.pdf,,
DBA-ES-GN-FC7,term,,per-document,"DBA-EN-SF_Energy_Sector_Framework.pdf = v0.2 | DBA-ES_Sector_Framework.pdf = oil-fired generation and peakers, Active v0.1",Oil-Fired Generation and Peakers,manifest,32,5,DBA-ES-GN-FC7_Oil_Fired_Generation.pdf,,
DBA-ES-GN-FC8,term,,per-document,"DBA-EN-SF_Energy_Sector_Framework.pdf = v0.2 | DBA-ES_Sector_Framework.pdf = renewable generation and BESS, Active v0.1",Renewable Generation and BESS,manifest,47,9,DBA-ES-GN-FC8_Renewable_Generation_BESS.pdf,,
DBA-ES-HY-FC1,term,,per-document,DBA-EN-SF_Energy_Sector_Framework.pdf = v0.5 | DBA-ES-GC-FC4_Compressor_Station.pdf = large hydroelectric storage | DBA-ES-TX-FC3_HVDC_Interconnect.pdf = large hydroelectric storage facilities | DBA-ES_Sector_Framework.pdf = large hydroelectric storage | DBA-MA_Introduction.pdf = v0.3,Large Hydroelectric Storage,manifest,57,8,DBA-ES-HY-FC1_Hydroelectric_Storage.pdf,,
DBA-ES-MA-QB,term,,global,,Electric Sector - Military Action - Quantitative Design Basis,accepted,54,15,dba-en/DBA-ES-CntlCo_Control_Company.pdf,,
DBA-ES-MA-SF,term,,global,,Electric Sector - Military Action - Sector Framework,accepted,54,17,dba-en/DBA-ES-GC-FC4_Compressor_Station.pdf,,
DBA-ES-POL,term,,per-document,DBA-EN-SF_Energy_Sector_Framework.pdf = v0.1 | DBA-EN_Series_Introduction.pdf = v0.1 in §1.4,,defined,4,3,dba-en/DBA-EN-SF_Energy_Sector_Framework.pdf,,
DBA-ES-SF,term,,,,,unresolved,2,2,dba-en/DBA-ES-DI-FC5_Distribution_Edge_Generation.pdf,,
DBA-ES-TX-FC2,term,,per-document,DBA-EN-SF_Energy_Sector_Framework.pdf = v0.3 | DBA-ES-GC-FC4_Compressor_Station.pdf = large EHV transmission substations | DBA-ES-TX-FC3_HVDC_Interconnect.pdf = large EHV transmission substations | DBA-ES_Sector_Framework.pdf = large EHV transmission substations | DBA-MA_Introduction.pdf = v0.1,EHV Transmission Substation,manifest,63,11,DBA-ES-TX-FC2_EHV_Substation.pdf,,
DBA-ES-TX-FC3,term,,per-document,DBA-EN-SF_Energy_Sector_Framework.pdf = v0.3 | DBA-ES_Sector_Framework.pdf = HVDC interconnects,HVDC Interconnect,manifest,55,7,DBA-ES-TX-FC3_HVDC_Interconnect.pdf,,
DBA-ES-TXFC2,term,,,,,unresolved,2,2,dba-en/DBA-EN-SF_Energy_Sector_Framework.pdf,,
DBA-ESDI-FC5,term,,global,,DI = distribution,defined,2,1,dba-en/DBA-ES_Sector_Framework.pdf,,
DBA-ESGC-FC4,term,,per-document,DBA-EN-SF_Energy_Sector_Framework.pdf = v0.5 | DBA-GAS-FC4_Local_Distribution.pdf = XC-4,,defined,5,4,dba-en/DBA-EN-SF_Energy_Sector_Framework.pdf,,
DBA-ESGN-FC7,term,,global,,v0.2,defined,2,2,dba-en/DBA-EN-SF_Energy_Sector_Framework.pdf,,
DBA-ESHY-FC1,term,,per-document,DBA-ES_Sector_Framework.pdf = HY = hydroelectric | DBA-MA_Introduction.pdf = v0.3,,defined,4,3,dba-en/DBA-ES_Sector_Framework.pdf,,
DBA-ESMA-SF,term,,,,,unresolved,4,4,dba-en/DBA-ES-GN-FC6_Coal_Generation.pdf,,
DBA-ESTX-FC2,term,,global,,v0.3,defined,2,2,dba-en/DBA-EN-SF_Energy_Sector_Framework.pdf,,
DBA-ESTX-FC3,term,,per-document,DBA-EN-SF_Energy_Sector_Framework.pdf = v0.3 | DBA-ES-GC-FC4_Compressor_Station.pdf = HVDC interconnects,,defined,4,3,dba-en/DBA-EN-SF_Energy_Sector_Framework.pdf,,
DBA-GAS,term,,per-document,CB-Framework_Cross_Sector.pdf = natural gas transmission | CB-IB_Qualification_Standard.pdf = natural gas transmission | DBA-VC_Vendor_Companion.pdf = natural gas sub-sector | DBA-EN-SF_Energy_Sector_Framework.pdf = Natural Gas | DBA-EN_Series_Introduction.pdf = Natural Gas Sector | DBA-UxS_Cross_Sector.pdf = Natural Gas Sector,DBA-GAS Sector Framework,manifest,154,21,DBA-GAS_Sector_Framework.pdf,,
DBA-GAS-FC-LNG,term,,global,,promoted; annex DBA-GASUC-LNG v1.1,defined,11,3,dba-en/DBA-EN-SF_Energy_Sector_Framework.pdf,,
DBA-GAS-FC1,term,,per-document,"DBA-EN-SF_Energy_Sector_Framework.pdf = v1.6 | DBA-ES-GC-FC4_Compressor_Station.pdf = Natural Gas Transmission | DBA-ES_Sector_Framework.pdf = natural gas transmission | DBA-GAS-UC-LNG_LNG_Terminal.pdf = Natural Gas Transmission | DBA-GAS_Sector_Framework.pdf = Natural Gas Transmission, v1.3",Natural Gas Transmission,manifest,55,15,DBA-GAS-FC1_Natural_Gas_Transmission.pdf,,
DBA-GAS-FC2,term,,per-document,DBA-VC_Vendor_Companion.pdf = see §8.5 of this document | DBA-EN-SF_Energy_Sector_Framework.pdf = v0.2 | 05_FD-BL-D1_Mode_of_Discharge_v0_3.pdf = operating-envelope-with-setback | 06_FD-BL-D2_Indication_Integrity_v0_2.pdf = systematic-encroachment detection,Natural Gas Processing,manifest,72,14,DBA-GAS-FC2_Natural_Gas_Processing.pdf,,
DBA-GAS-FC3,term,,global,,Underground Storage,manifest,38,7,DBA-GAS-FC3_Underground_Storage.pdf,,
DBA-GAS-FC4,term,,per-document,DBA-EN-SF_Energy_Sector_Framework.pdf = v0.1 | DBA-ES-DI-FC5_Distribution_Edge_Generation.pdf = Local Distribution: LDC City Gate to End-Use,Local Distribution,manifest,47,6,DBA-GAS-FC4_Local_Distribution.pdf,,
DBA-GAS-FCLNG,term,,per-document,DBA-EN-SF_Energy_Sector_Framework.pdf = annex DBAGAS-UC-LNG v1.1 | DBA-GAS_Sector_Framework.pdf = §9.4,,defined,2,2,dba-en/DBA-EN-SF_Energy_Sector_Framework.pdf,,
DBA-GAS-MA-SF,term,,global,,v0.2,defined,10,5,dba-en/DBA-EN-SF_Energy_Sector_Framework.pdf,,
DBA-GAS-POL,term,,per-document,DBA-EN-SF_Energy_Sector_Framework.pdf = v1.3 | DBA-GAS_Sector_Framework.pdf = Deterrence Without Standards,Deterrence Without Standards,candidate,6,3,dba-en/DBA-GAS-POL_Deterrence.pdf,Policy Companion Issued Under,
DBA-GAS-SF,term,,,,,unresolved,2,2,dba-en/DBA-EN-SF_Energy_Sector_Framework.pdf,,
DBA-GAS-UC-LNG,term,,global,,LNG Terminal Use Case,manifest,17,9,DBA-GAS-UC-LNG_LNG_Terminal.pdf,,
DBA-GASFC1,term,,,,,unresolved,6,5,dba-en/DBA-GAS-FC3_Underground_Storage.pdf,,
DBA-GASFC2,term,,global,,Natural gas processing,defined,2,2,dba-en/DBA-GAS-FC3_Underground_Storage.pdf,,
DBA-GASFC3,term,,per-document,DBA-EN-SF_Energy_Sector_Framework.pdf = v0.1 | DBA-GAS_Sector_Framework.pdf = Underground storage -- depleted reservoir and salt cavern,,defined,2,2,dba-en/DBA-EN-SF_Energy_Sector_Framework.pdf,,
DBA-GASPOL,term,,global,,v1.3,defined,2,2,dba-en/DBA-EN-SF_Energy_Sector_Framework.pdf,,
DBA-GASUC-LNG,term,,,,,unresolved,4,2,dba-en/DBA-EN-SF_Energy_Sector_Framework.pdf,,
DBA-HY,term,,,,,unresolved,3,1,dba-en/DBA-ES_Sector_Framework.pdf,,
DBA-HY-FC1,term,,global,,large hydroelectric storage facilities,defined,3,2,dba-en/DBA-ES-TX-FC2_EHV_Substation.pdf,,
DBA-HYFC1,term,,global,,v0.3,defined,2,1,dba-ma/DBA-MA_Introduction.pdf,,
DBA-MA,term,,per-document,DBA-VC_Vendor_Companion.pdf = nuclear | DBA-EN-SF_Energy_Sector_Framework.pdf = Nuclear Series | DBA-GAS-FC1_Natural_Gas_Transmission.pdf = Design Basis Accident — Military Action | DBA-GAS-POL_Deterrence.pdf = Design Basis Accident — Military Action | DBA-GAS-UC-LNG_LNG_Terminal.pdf = Design Basis Accident — Military Action | DBA-UxS_Cross_Sector.pdf = Military Action against Nuclear Facilities,DBA-MA ONG Series Introduction,manifest,442,34,DBA-MA_ONG_Series_Introduction.pdf,,
DBA-MA-CDB,term,,,,Military Action Communications Design Basis,accepted,5,1,dba-ma/DBA-MA-CDB_Military_Action_Communications_Design_Basis.pdf,,Sector-agnostic machinery reference; owns CDB-1..CDB-7
DBA-MA-PPA,term,,,,,unresolved,3,2,dba-ma/DBA-MA_Introduction.pdf,,
DBA-MA-SITE,term,,,,,unresolved,2,1,dba-ma-smr/DBA-MA-SMR-FC1_SMR_Facility_Class_Design_Basis.pdf,,
DBA-MA-SMR-FC1,term,,global,,SMR Facility-Class Design Basis,manifest,9,2,DBA-MA-SMR-FC1_SMR_Facility_Class_Design_Basis.pdf,,
DBA-MA-ST,term,,global,,Source Term Under Military Action,candidate,10,2,dba-ma-smr/DBA-MA-SMR-FC1_SMR_Facility_Class_Design_Basis.pdf,,
DBA-MA-UAS,term,,,,,unresolved,3,1,dba-uxs/DBA-MA-UxS-NA_Nuclear_Annex.pdf,,
DBA-MA-UC-1,term,,global,,Spent Fuel Pool Thermal Progression,candidate,9,3,dba-uxs/DBA-MA-UxS-NA_Nuclear_Annex.pdf,Spent Fuel Pool Thermal Progression Under Military Action Conditions,
DBA-O,term,,,,,unresolved,2,2,dba-en/DBA-GAS-FC1_Natural_Gas_Transmission.pdf,,
DBA-OIL,term,,per-document,"CB-Framework_Cross_Sector.pdf = petroleum sector | CB-IB_Qualification_Standard.pdf = petroleum sector | DBA-VC_Vendor_Companion.pdf = DBA-ES Electric | DBA-EN-SF_Energy_Sector_Framework.pdf = Petroleum | DBA-EN_Series_Introduction.pdf = Petroleum, sector framework v1.6, four FC instruments | DBA-UxS_Cross_Sector.pdf = Petroleum Sector",DBA-OIL Sector Framework,manifest,120,19,DBA-OIL_Sector_Framework.pdf,,
DBA-OIL-FC1,term,,per-document,DBA-EN-SF_Energy_Sector_Framework.pdf = v1.3 | DBA-EN_Series_Introduction.pdf = petroleum refining | DBA-OIL_Sector_Framework.pdf = Petroleum Refining,Petroleum Refining,manifest,37,9,DBA-OIL-FC1_Petroleum_Refining.pdf,,
DBA-OIL-FC2,term,,global,,Offshore Crude Production,manifest,39,8,DBA-OIL-FC2_Offshore_Crude_Production.pdf,,
DBA-OIL-FC3,term,,global,,Terminals and Storage,manifest,39,7,DBA-OIL-FC3_Terminals_Storage.pdf,,
DBA-OIL-FC4,term,,global,,Crude and Product Transport,manifest,56,8,DBA-OIL-FC4_Crude_Product_Transport.pdf,,
DBA-OIL-FC5,term,,global,,promoted,defined,10,3,dba-en/DBA-EN-SF_Energy_Sector_Framework.pdf,,
DBA-OIL-MA-SF,term,,global,,v0.1,defined,10,5,dba-en/DBA-EN-SF_Energy_Sector_Framework.pdf,,
DBA-OIL-SF,term,,,,,unresolved,4,3,dba-en/DBA-OIL-FC4_Crude_Product_Transport.pdf,,
DBA-OILFC1,term,,global,,Petroleum refining,defined,3,3,dba-en/DBA-ES-GN-FC7_Oil_Fired_Generation.pdf,,
DBA-OILFC2,term,,,,,unresolved,4,3,dba-en/DBA-ES-GN-FC8_Renewable_Generation_BESS.pdf,,
DBA-OILFC4,term,,global,,v0.3,defined,4,4,dba-en/DBA-EN-SF_Energy_Sector_Framework.pdf,,
DBA-OILMA-SF,term,,,,,unresolved,2,2,dba-en/DBA-OIL-FC2_Offshore_Crude_Production.pdf,,
DBA-VC,term,,per-document,"CB-CT_Commissioning_and_Joint_Training.pdf = vendor product obligations | DBA-EN-SF_Energy_Sector_Framework.pdf = v0.3, cross-series",Vendor Companion,manifest,64,7,DBA-VC_Vendor_Companion.pdf,,
DBA-W,term,,per-document,CB-Framework_Cross_Sector.pdf = water sector | CB-IB_Qualification_Standard.pdf = water sector | DBA-VC_Vendor_Companion.pdf = water | DBA-EN-SF_Energy_Sector_Framework.pdf = Water Sector | DBA-UxS_Cross_Sector.pdf = Water Sector,Water Sector,candidate,43,9,dba-en/DBA-EN-SF_Energy_Sector_Framework.pdf,,
DBAEN-SF,term,,,,,unresolved,11,7,dba-en/DBA-ES-CntlCo_Control_Company.pdf,,
DBAES,term,,,,,unresolved,11,9,dba-en/DBA-EN-SF_Energy_Sector_Framework.pdf,,
DBAES-GC-FC4,term,,,,,unresolved,2,2,dba-en/DBA-EN-SF_Energy_Sector_Framework.pdf,,
DBAES-GN-FC8,term,,,,,unresolved,2,2,command-broker/DBA-VC_Vendor_Companion.pdf,,
DBAES-MA,term,,,,,unresolved,2,1,dba-en/DBA-ES_Sector_Framework.pdf,,
DBAES-MA-QB,term,,global,,v0.1,defined,4,4,dba-en/DBA-EN_Series_Introduction.pdf,,
DBAES-TX-FC2,term,,per-document,DBA-EN-SF_Energy_Sector_Framework.pdf = v0.3 | DBA-ES_Sector_Framework.pdf = TX = transmission,,defined,3,3,dba-en/DBA-EN-SF_Energy_Sector_Framework.pdf,,
DBAGAS-FC1,term,,,,,unresolved,6,5,dba-en/DBA-ES-GC-FC4_Compressor_Station.pdf,,
DBAGAS-FC2,term,,global,,v0.2,defined,4,4,dba-en/DBA-EN-SF_Energy_Sector_Framework.pdf,,
DBAGAS-FC4,term,,,,,unresolved,4,4,dba-en/DBA-ES-DI-FC5_Distribution_Edge_Generation.pdf,,
DBAGAS-POL,term,,,,,unresolved,2,1,dba-en/DBA-GAS_Sector_Framework.pdf,,
DBAMA,term,,,,,unresolved,14,10,command-broker/DBA-VC_Vendor_Companion.pdf,,
DBAOIL-FC2,term,,global,,v0.1,defined,2,2,dba-en/DBA-EN-SF_Energy_Sector_Framework.pdf,,
DBAOIL-FC4,term,,global,,v0.3,defined,2,1,dba-en/DBA-EN-SF_Energy_Sector_Framework.pdf,,
DBT,term,,,,,unresolved,17,2,dba-ma/DBA-MA_Introduction.pdf,,
DC,term,,,,,unresolved,24,5,dba-en/DBA-ES-TX-FC3_HVDC_Interconnect.pdf,,
DCEI,term,,,,,unresolved,13,1,papers/UA_Grid_Defense_Cyber_Kinetic.pdf,,
DCS,term,,,,distributed control system,accepted,146,14,dba-en/DBA-OIL-FC1_Petroleum_Refining.pdf,,Corpus writes 'control system (DCS)'; expansion is the standard one
DHS,term,,,,,unresolved,29,13,dba-en/DBA-GAS-POL_Deterrence.pdf,,
DI-1,term,,global,,DBA Consequence Envelope,defined,14,8,dba-dc/DBA-DC-FC1_Hyperscale_Design_Basis.pdf,,
DI-2,term,,global,,MA Extension,defined,17,8,dba-en/DBA-ES-CntlCo_Control_Company.pdf,,
DI-3,term,,global,,RC authority chain communications design basis,defined,18,8,dba-en/DBA-ES-GC-FC4_Compressor_Station.pdf,,
DI-4,term,,,,,unresolved,8,7,dba-en/DBA-ES-TX-FC2_EHV_Substation.pdf,,
DI-5,term,,per-document,DBA-ES-CntlCo_Control_Company.pdf = SL-1 adversarial bad data injection design basis | DBA-ES-DI-FC5_Distribution_Edge_Generation.pdf = see Section 7),,defined,23,8,dba-en/DBA-ES-DI-FC5_Distribution_Edge_Generation.pdf,,
DI-6,term,,global,,Dual-DB AI governance interaction points,defined,12,6,dba-en/DBA-ES-CntlCo_Control_Company.pdf,,
DI-7,term,,,,,unresolved,10,3,dba-en/DBA-ES_Sector_Framework.pdf,,
DI-FC5,term,,,,,unresolved,2,1,dba-en/DBA-EN-SF_Energy_Sector_Framework.pdf,,
DNG-ISAC,term,,,,,unresolved,3,2,dba-en/DBA-GAS-FC1_Natural_Gas_Transmission.pdf,,
DOD,term,,,,department of defense,accepted,23,14,dba-en/DBA-GAS-POL_Deterrence.pdf,,
DOE,term,,,,department of energy,accepted,95,24,dba-en/DBA-ES-GN-FC8_Renewable_Generation_BESS.pdf,,
DOI,term,,,,,unresolved,25,15,fd/00_FD_Foundational_Definitions_August_2026_Edition.pdf,,
DTT-CH1,term,,,,,unresolved,2,1,awb/BES_Asset_Nomenclature_Specification.pdf,,
EAP,term,,,,Emergency Action Plan,defined,19,2,dba-en/DBA-ES-HY-FC1_Hydroelectric_Storage.pdf,Electronic Access Point,
EDG,term,,,,emergency diesel generator,accepted,17,1,dba-uxs/DBA-MA-UxS-NA_Nuclear_Annex.pdf,,
EEI,term,,,,Edison Electric Institute,defined,14,1,awb/SCRM_Companion_Agent.pdf,,
EF,family,,,,Equipment Failure,defined,19,6,dba-en/DBA-GAS-FC3_Underground_Storage.pdf,and Process-Safety Failure | Equipment and Infrastructure Failure,
EF-1,member,EF,per-document,DBA-GAS-FC2_Natural_Gas_Processing.pdf = single inlet compressor | DBA-GAS-FC3_Underground_Storage.pdf = Storage well casing integrity failure and blowout | DBA-GAS-FC4_Local_Distribution.pdf = City gate station failure and distribution depressurization | DBA-OIL-FC2_Offshore_Crude_Production.pdf = Platform fire and explosion / loss of well control | DBA-OIL-FC3_Terminals_Storage.pdf = Tank farm fire and boilover | DBA-OIL-FC4_Crude_Product_Transport.pdf = rupture at nonmajor crossing,,defined,39,6,dba-en/DBA-GAS-FC3_Underground_Storage.pdf,,
EF-2,member,EF,per-document,"DBA-GAS-FC2_Natural_Gas_Processing.pdf = cold box failure | DBA-GAS-FC3_Underground_Storage.pdf = deliverability loss without inventory loss | DBA-GAS-FC4_Local_Distribution.pdf = Distribution main rupture in a congested urban environment | DBA-OIL-FC2_Offshore_Crude_Production.pdf = Subsea infrastructure failure | DBA-OIL-FC3_Terminals_Storage.pdf = Marine terminal loss of containment / large product spill | DBA-OIL-FC4_Crude_Product_Transport.pdf = single pump station fire, nonchokepoint location",,defined,28,6,dba-en/DBA-GAS-FC3_Underground_Storage.pdf,,
EF-3,member,EF,per-document,DBA-GAS-FC2_Natural_Gas_Processing.pdf = spurious SIS trip | DBA-GAS-FC4_Local_Distribution.pdf = Distribution SCADA / OT system failure | DBA-OIL-FC2_Offshore_Crude_Production.pdf = Export pipeline / onshore receiving failure | DBA-OIL-FC3_Terminals_Storage.pdf = Terminal automation system (TAS) / SCADA failure | DBA-OIL-FC4_Crude_Product_Transport.pdf = SCADA failure — full system,,defined,16,5,dba-en/DBA-OIL-FC4_Crude_Product_Transport.pdf,,
EF-4,member,EF,global,,DCS hardware failure — loss of process control,defined,1,1,dba-en/DBA-GAS-FC2_Natural_Gas_Processing.pdf,,
EF-5,member,EF,global,,amine unit failure — sour plant,defined,2,1,dba-en/DBA-GAS-FC2_Natural_Gas_Processing.pdf,,
EHV,term,,,,extra-high-voltage,accepted,89,12,dba-en/DBA-ES-TX-FC2_EHV_Substation.pdf,,Expanded in DBA-ES-TX-FC2
EMS,term,,,,Energy Management System,defined,52,10,command-broker/DBA-VC_Vendor_Companion.pdf,,
EOP-011-2,term,,,,,unresolved,4,1,dba-en/DBA-ES-CntlCo_Control_Company.pdf,,
EPA,term,,,,,accepted,63,18,dba-en/DBA-ES-GN-FC6_Coal_Generation.pdf,,Standard term; agency name
EPZ,term,,,,,unresolved,12,1,dba-ma-smr/DBA-MA-SMR-FC1_SMR_Facility_Class_Design_Basis.pdf,,
ERCOT,term,,,,and the Electric Reliability Council of Texas,candidate,21,8,dba-dc/DBA-DC-FC1_Hyperscale_Design_Basis.pdf,,
ERT,term,,,,AI-enhanced Evidence Request Tool,defined,134,3,awb/ERT_Companion_Proposal.pdf,,
ESD,term,,,,,unresolved,27,5,dba-en/DBA-OIL-FC1_Petroleum_Refining.pdf,,
ESF-12,term,,global,,Emergency Support Function 12 (Energy),defined,31,12,dba-en/DBA-OIL-FC4_Crude_Product_Transport.pdf,,
ESP,term,,,,electronic security perimeter,accepted,15,2,awb/ERT_Companion_Proposal.pdf,,NERC CIP term
ETL,term,,,,"extract, transform, load",accepted,38,1,awb/ERT_Companion_Proposal.pdf,,Standard data-engineering term; ERT and SCRM companions
EU,term,,,,,unresolved,23,4,dba-en/DBA-GAS-UC-LNG_LNG_Terminal.pdf,,
FAA,term,,,,federal aviation administration,accepted,15,4,dba-en/DBA-GAS-POL_Deterrence.pdf,,
FAC-001-3,term,,,,,unresolved,3,3,dba-en/DBA-ES-HY-FC1_Hydroelectric_Storage.pdf,,
FAC-002,term,,global,,Facility Ratings,candidate,3,2,dba-en/DBA-ES-HY-FC1_Hydroelectric_Storage.pdf,,
FAC-002-3,term,,,,,unresolved,3,3,dba-en/DBA-ES-HY-FC1_Hydroelectric_Storage.pdf,,
FBI,term,,,,,unresolved,13,9,dba-en/DBA-ES-GN-FC7_Oil_Fired_Generation.pdf,,
FC,term,,,,Facility Class,accepted,52,16,dba-en/DBA-EN-SF_Energy_Sector_Framework.pdf,,
FC-1,term,,,,DBA-GAS Natural Gas Transmission Facility Class,candidate,3,1,dba-en/DBA-GAS-FC1_Natural_Gas_Transmission.pdf,,
FC5-AI-1,term,,,,,unresolved,4,1,dba-en/DBA-ES-DI-FC5_Distribution_Edge_Generation.pdf,,
FC5-AI-2,term,,global,,Microgrid controller ML optimization,defined,2,1,dba-en/DBA-ES-DI-FC5_Distribution_Edge_Generation.pdf,,
FCC,term,,,,Fluid Catalytic Cracker,defined,29,1,dba-en/DBA-OIL-FC1_Petroleum_Refining.pdf,,
FD,term,,,,Foundational Definitions,defined,17,7,fd/00_FD_Foundational_Definitions_August_2026_Edition.pdf,Foundational Definitions August,
FD-BL,term,,per-document,"DBA-EN-SF_Energy_Sector_Framework.pdf = Foundational Definition — The Bright Line | DBA-EN_Series_Introduction.pdf = Foundational Definition — The Bright Line | DBA-ES-CntlCo_Control_Company.pdf = placement | DBA-ES-GC-FC4_Compressor_Station.pdf = placement | DBA-ES-GN-FC6_Coal_Generation.pdf = placement | DBA-ES-GN-FC7_Oil_Fired_Generation.pdf = placement | DBA-ES-TX-FC2_EHV_Substation.pdf = placement | DBA-ES-TX-FC3_HVDC_Interconnect.pdf = placement | DBA-ES_Sector_Framework.pdf = Foundational Definition — The Bright Line | DBA-GAS-FC1_Natural_Gas_Transmission.pdf = placement, by consequence per action | DBA-GAS-FC3_Underground_Storage.pdf = placement | DBA-GAS-FC4_Local_Distribution.pdf = placement | DBA-GAS-UC-LNG_LNG_Terminal.pdf = placement | DBA-GAS_Sector_Framework.pdf = Foundational Definition — The Bright Line | DBA-OIL-FC1_Petroleum_Refining.pdf = placement — consequence, per action | DBA-OIL-FC2_Offshore_Crude_Production.pdf = placement | DBA-OIL-FC3_Terminals_Storage.pdf = placement | DBA-OIL-FC4_Crude_Product_Transport.pdf = placement | DBA-OIL_Sector_Framework.pdf = Foundational Definition — The Bright Line | 01_FD-BL_The_Bright_Line_v0_3.pdf = The Bright Line · v0 | 02_FD-LD_Layer_Decomposition_and_Determinism_v0_1.pdf = §4.2 | 03_FD-EV_The_Envelope_v0_1.pdf = the Bright Line | 04_FD-BR_The_Broker_v0_1.pdf = The Bright Line | 05_FD-BL-D1_Mode_of_Discharge_v0_3.pdf = not a Foundational Definition — see §2 | 06_FD-BL-D2_Indication_Integrity_v0_2.pdf = not a Foundational Definition — see §2",foundational definition — the Bright Line,accepted,178,36,fd/05_FD-BL-D1_Mode_of_Discharge_v0_3.pdf,,The governing definition; instruments cite it for placement
FD-BL-D1,term,,per-document,CB-UC-1_BA_Integrated_Interface.pdf = R1–R3 | CB_Implementation_Guide.pdf = Mode of Discharge: Pre-Authorization by Verified Gatekeeper | DBA-ES-CntlCo_Control_Company.pdf = mode of discharge | DBA-ES-GC-FC4_Compressor_Station.pdf = mode of discharge | DBA-ES-GN-FC6_Coal_Generation.pdf = mode of discharge | DBA-ES-GN-FC7_Oil_Fired_Generation.pdf = mode of discharge | DBA-ES-TX-FC2_EHV_Substation.pdf = mode of discharge | DBA-ES-TX-FC3_HVDC_Interconnect.pdf = mode of discharge | DBA-GAS-FC1_Natural_Gas_Transmission.pdf = mode of discharge | DBA-GAS-FC3_Underground_Storage.pdf = mode of discharge | DBA-GAS-FC4_Local_Distribution.pdf = mode of discharge | DBA-GAS-UC-LNG_LNG_Terminal.pdf = mode of discharge | DBA-OIL-FC1_Petroleum_Refining.pdf = mode of discharge | DBA-OIL-FC2_Offshore_Crude_Production.pdf = mode of discharge | DBA-OIL-FC3_Terminals_Storage.pdf = mode of discharge | DBA-OIL-FC4_Crude_Product_Transport.pdf = mode of discharge | 01_FD-BL_The_Bright_Line_v0_3.pdf = Mode of Discharge: Pre-Authorization by Verified Gatekeeper | 03_FD-EV_The_Envelope_v0_1.pdf = mode of discharge | 05_FD-BL-D1_Mode_of_Discharge_v0_3.pdf = Mode of Discharge | 06_FD-BL-D2_Indication_Integrity_v0_2.pdf = mode of discharge,Mode of Discharge,candidate,102,29,fd/06_FD-BL-D2_Indication_Integrity_v0_2.pdf,,
FD-BL-D2,term,,global,,Indication Integrity,candidate,55,21,fd/06_FD-BL-D2_Indication_Integrity_v0_2.pdf,,
FD-BLD1,term,,,,,unresolved,2,2,dba-en/DBA-GAS-FC1_Natural_Gas_Transmission.pdf,,
FD-BR,term,,per-document,02_FD-LD_Layer_Decomposition_and_Determinism_v0_1.pdf = The Broker | 04_FD-BR_The_Broker_v0_1.pdf = The Broker · v0,Broker Foundational Definition,candidate,20,3,fd/04_FD-BR_The_Broker_v0_1.pdf,,
FD-EV,term,,per-document,DBA-ES-CntlCo_Control_Company.pdf = envelope | DBA-ES-GC-FC4_Compressor_Station.pdf = envelope | DBA-ES-GN-FC6_Coal_Generation.pdf = envelope | DBA-ES-GN-FC7_Oil_Fired_Generation.pdf = envelope | DBA-ES-TX-FC2_EHV_Substation.pdf = envelope | DBA-ES-TX-FC3_HVDC_Interconnect.pdf = envelope | DBA-GAS-FC1_Natural_Gas_Transmission.pdf = envelope | DBA-GAS-UC-LNG_LNG_Terminal.pdf = envelope | DBA-OIL-FC1_Petroleum_Refining.pdf = envelope | 00_FD_Foundational_Definitions_August_2026_Edition.pdf = FD-BR FD-BL-D1 | 03_FD-EV_The_Envelope_v0_1.pdf = The Envelope · v0,Envelope Foundational Definition,candidate,47,16,fd/03_FD-EV_The_Envelope_v0_1.pdf,,
FD-LD,term,,per-document,00_FD_Foundational_Definitions_August_2026_Edition.pdf = FD-EV FD-BR FD-BL-D1 | 01_FD-BL_The_Bright_Line_v0_3.pdf = layer decomposition and determinism | 02_FD-LD_Layer_Decomposition_and_Determinism_v0_1.pdf = Layer Decomposition and Determinism · v0 | 03_FD-EV_The_Envelope_v0_1.pdf = layer decomposition and determinism,Layer Decomposition and Determinism,candidate,39,11,fd/02_FD-LD_Layer_Decomposition_and_Determinism_v0_1.pdf,Layer Decomposition and Determinism Foundational Definition,
FD-SBL,term,,per-document,02_FD-LD_Layer_Decomposition_and_Determinism_v0_1.pdf = The Surveillance Bright Line | 04_FD-BR_The_Broker_v0_1.pdf = §4.2,Surveillance Bright Line,candidate,25,3,fd/04_FD-BR_The_Broker_v0_1.pdf,Bright Lines,
FDBL-D1,term,,,,,unresolved,3,3,command-broker/CB_Implementation_Guide.pdf,,
FDBL-D2,term,,global,,indication integrity,defined,2,2,dba-en/DBA-OIL-FC4_Crude_Product_Transport.pdf,,
FEMA,term,,,,,unresolved,8,4,dba-en/DBA-GAS-FC4_Local_Distribution.pdf,,
FERC,term,,,,Federal Energy Regulatory Commission,defined,222,25,dba-en/DBA-GAS-POL_Deterrence.pdf,,
FIBER-MUX,term,,,,,unresolved,3,1,awb/BES_Asset_Nomenclature_Specification.pdf,,
FID,term,,,,Fuel Independence Duration,defined,33,1,papers/GenMix_Optimization_Whitepaper.pdf,,
FLEX,term,,,,,unresolved,9,2,dba-ma-smr/DBA-MA-SMR-FC1-TB1_Multi_Module_ASSC_Adequacy.pdf,,
FPV,term,,,,,unresolved,10,3,dba-uxs/DBA-UxS_Cross_Sector.pdf,,
FSRU,term,,,,Multiple Import,candidate,24,3,dba-en/DBA-GAS-UC-LNG_LNG_Terminal.pdf,,
GAO-10-147,term,,,,,unresolved,3,2,dba-en/DBA-ES-HY-FC1_Hydroelectric_Storage.pdf,,
GAS-FC1,term,,,,Natural Gas Transmission,candidate,3,2,dba-en/DBA-GAS-UC-LNG_LNG_Terminal.pdf,,
GC-FC4,term,,,,Gas Compressor Station,candidate,5,5,command-broker/DBA-VC_Vendor_Companion.pdf,,
GN,term,,,,,unresolved,8,5,dba-en/DBA-EN-SF_Energy_Sector_Framework.pdf,,
GN-FC6,term,,,,,unresolved,2,2,dba-en/DBA-EN-SF_Energy_Sector_Framework.pdf,,
GN-FC8,term,,,,,unresolved,2,2,command-broker/DBA-VC_Vendor_Companion.pdf,,
GSD,term,,,,Generation Supply Duration,defined,114,7,dba-en/DBA-ES-GC-FC4_Compressor_Station.pdf,GSD Metric Generation Supply Duration,
HBOM,term,,,,,unresolved,14,1,awb/SCRM_Companion_Agent.pdf,,
HF,term,,,,,unresolved,33,4,dba-en/DBA-OIL-FC1_Petroleum_Refining.pdf,,
HL-1,term,,,,,unresolved,2,1,dba-en/DBA-ES-CntlCo_Control_Company.pdf,,
HL-5,term,,,,,unresolved,2,1,dba-en/DBA-ES-CntlCo_Control_Company.pdf,,
HV,term,,,,,unresolved,10,3,dba-en/DBA-ES-DI-FC5_Distribution_Edge_Generation.pdf,,
HVDC,term,,,,high-voltage direct current,accepted,130,8,dba-en/DBA-ES-TX-FC3_HVDC_Interconnect.pdf,,Expanded in DBA-ES-TX-FC3
HY-FC1,term,,,,,unresolved,4,2,dba-en/DBA-ES-HY-FC1_Hydroelectric_Storage.pdf,,
IAEA,term,,,,International Atomic Energy Agency,accepted,38,16,dba-ma/DBA-MA_Introduction.pdf,,
IB,term,,,,Influence Broker,defined,104,2,command-broker/CB-IB_Qualification_Standard.pdf,and Influencer Broker | and the Influence Broker,
IBR,term,,,,inverter-based resource,accepted,48,5,dba-en/DBA-ES-GN-FC8_Renewable_Generation_BESS.pdf,,Expanded in DBA-ES-GN-FC8
IC-1,term,,global,,SABD,defined,10,1,dba-en/DBA-ES-CntlCo_Control_Company.pdf,,
IC-2,term,,global,,coordination failure,defined,8,1,dba-en/DBA-ES-CntlCo_Control_Company.pdf,,
IC-3,term,,global,,compound,defined,11,1,dba-en/DBA-ES-CntlCo_Control_Company.pdf,,
ICS,term,,,,Industrial Control System,defined,94,19,papers/GenAI_Risk_ICS.pdf,,
IEA,term,,,,,unresolved,11,2,dba-en/DBA-OIL-FC4_Crude_Product_Transport.pdf,,
IEC,term,,,,,accepted,33,8,awb/Tiered_Assessment_Framework.pdf,,Standards body; appears in the corpus alongside ISA as ISA/IEC
IEEE,term,,,,,accepted,54,17,command-broker/DBA-VC_Vendor_Companion.pdf,,Standards body; standard in the field
II,term,,,,Sector Chapters,candidate,38,11,command-broker/DBA-VC_Vendor_Companion.pdf,,
III,term,,,,,unresolved,12,4,dba-uxs/DBA-MA-UxS-NA_Nuclear_Annex.pdf,,
IP,term,,,,,unresolved,20,4,papers/UA_Grid_Defense_Cyber_Kinetic.pdf,,
IP-PBX,term,,global,,IP-based phone,defined,2,1,papers/UA_Grid_Defense_Cyber_Kinetic.pdf,,
ISA,term,,,,,accepted,66,13,papers/GenAI_Risk_ICS.pdf,,Standards body; standard in the field
ISAGCA,term,,,,International Society of Automation Global Cybersecurity Alliance,defined,20,6,awb/Tiered_Assessment_Framework.pdf,,
ISO,term,,,,,unresolved,19,6,dba-en/DBA-ES-GN-FC6_Coal_Generation.pdf,,
ISO-NE,term,,,,in New England,candidate,25,1,dba-en/DBA-ES-GN-FC7_Oil_Fired_Generation.pdf,,
IT-OT,term,,,,,unresolved,4,3,dba-en/DBA-OIL-FC3_Terminals_Storage.pdf,,
IV,term,,,,Fault Tolerant,candidate,18,7,dba-dc/DBA-DC-FC1_Hyperscale_Design_Basis.pdf,,
LCOE,term,,,,Levelized Cost of Energy,candidate,63,2,papers/GenMix_Optimization_Whitepaper.pdf,Lazard Levelized Cost of Energy Analysis,
LDC,term,,,,,accepted,52,5,dba-en/DBA-GAS-FC4_Local_Distribution.pdf,,Standard in the field (local distribution company)
LNG,term,,,,,accepted,319,13,dba-en/DBA-GAS-UC-LNG_LNG_Terminal.pdf,,Universally known in the field
LPT,term,,,,,unresolved,28,8,dba-en/DBA-ES-TX-FC2_EHV_Substation.pdf,,
LWR,term,,,,light water reactor,accepted,9,2,dba-ma-smr/DBA-MA-SMR-FC1_SMR_Facility_Class_Design_Basis.pdf,,one of two primary light water reactors
MA,term,,,,Military Action,accepted,329,20,dba-en/DBA-ES-CntlCo_Control_Company.pdf,,
MA-1,term,,global,,state estimator corruption,defined,33,6,dba-en/DBA-ES-CntlCo_Control_Company.pdf,,
MA-2,term,,global,,SCADA availability attack,defined,19,1,dba-en/DBA-ES-CntlCo_Control_Company.pdf,,
MA-SF,term,,,,,unresolved,2,1,dba-en/DBA-EN-SF_Energy_Sector_Framework.pdf,,
ML,term,,,,,accepted,219,28,command-broker/DBA-VC_Vendor_Companion.pdf,,Universally known in the field
MOC,term,,,,,unresolved,8,2,dba-en/DBA-GAS-FC2_Natural_Gas_Processing.pdf,,
MT,family,,,,Mode Transition Events,defined,7,1,dba-en/DBA-ES-DI-FC5_Distribution_Edge_Generation.pdf,,
MT-1,member,MT,global,,Intentional islanding (Command Broker authorized),defined,30,1,dba-en/DBA-ES-DI-FC5_Distribution_Edge_Generation.pdf,,
MT-2,member,MT,global,,unintentional island formation,defined,4,1,dba-en/DBA-ES-DI-FC5_Distribution_Edge_Generation.pdf,,
MT-3,member,MT,global,,gridreconnection,defined,14,1,dba-en/DBA-ES-DI-FC5_Distribution_Edge_Generation.pdf,,
MT-4,member,MT,global,,Failed mode transition (indeterminate state),defined,3,1,dba-en/DBA-ES-DI-FC5_Distribution_Edge_Generation.pdf,,
MTSA,term,,,,Maritime Transportation Security Act,defined,15,6,dba-en/DBA-GAS-UC-LNG_LNG_Terminal.pdf,,
MW,term,,,,megawatts,accepted,91,14,dba-en/DBA-ES-GN-FC8_Renewable_Generation_BESS.pdf,,Unit of power; used throughout as a facility-class threshold
NATO,term,,,,,accepted,86,11,dba-en/DBA-GAS-UC-LNG_LNG_Terminal.pdf,,Standard term; corpus never expands it
NDAA,term,,,,,unresolved,10,3,dba-en/DBA-GAS-POL_Deterrence.pdf,,
NERC,term,,,,Physical Security,candidate,345,37,awb/ERT_Companion_Proposal.pdf,,
NGL,term,,,,natural gas liquids,accepted,63,5,dba-en/DBA-GAS-FC2_Natural_Gas_Processing.pdf,,Expanded in the ONG series
NH,family,,,,Natural Hazard,defined,20,6,dba-en/DBA-GAS-FC3_Underground_Storage.pdf,,
NH-1,member,NH,per-document,DBA-GAS-FC2_Natural_Gas_Processing.pdf = hydrate event | DBA-GAS-FC3_Underground_Storage.pdf = Extreme cold / peakdemand stress | DBA-GAS-FC4_Local_Distribution.pdf = Extreme cold / peak | DBA-OIL-FC2_Offshore_Crude_Production.pdf = Hurricane / tropical cyclone (Gulf of Mexico) | DBA-OIL-FC3_Terminals_Storage.pdf = Hurricane / storm surge (Gulf Coast terminal clusters) | DBA-OIL-FC4_Crude_Product_Transport.pdf = single pump station flood,,defined,22,6,dba-en/DBA-GAS-FC4_Local_Distribution.pdf,,
NH-2,member,NH,per-document,DBA-GAS-FC3_Underground_Storage.pdf = Seismic event | DBA-GAS-FC4_Local_Distribution.pdf = Seismic event | DBA-OIL-FC2_Offshore_Crude_Production.pdf = Loop Current and extreme metocean conditions | DBA-OIL-FC3_Terminals_Storage.pdf = Flood and extreme precipitation | DBA-OIL-FC4_Crude_Product_Transport.pdf = Freeze event — exposed aboveground piping at pump,,defined,10,6,dba-en/DBA-GAS-FC3_Underground_Storage.pdf,,
NH-3,member,NH,per-document,DBA-GAS-FC2_Natural_Gas_Processing.pdf = Seismic event — piping and vessel integrity | DBA-GAS-FC3_Underground_Storage.pdf = Flood and extreme precipitation | DBA-GAS-FC4_Local_Distribution.pdf = Flood and extreme precipitation | DBA-OIL-FC2_Offshore_Crude_Production.pdf = Subsea geohazard / seismic event | DBA-OIL-FC3_Terminals_Storage.pdf = Seismic event,,defined,12,6,dba-en/DBA-OIL-FC3_Terminals_Storage.pdf,,
NH-4,member,NH,per-document,DBA-GAS-FC2_Natural_Gas_Processing.pdf = Extreme heat — cooling water and air cooler limitation | DBA-GAS-FC3_Underground_Storage.pdf = Hurricane / high wind and storm surge | DBA-OIL-FC4_Crude_Product_Transport.pdf = Gulf Coast hurricane compound event,,defined,5,3,dba-en/DBA-GAS-FC3_Underground_Storage.pdf,,
NIPP,term,,,,National Infrastructure Protection Plan,defined,28,10,dba-en/DBA-ES_Sector_Framework.pdf,in the National Infrastructure Protection Plan,
NIST,term,,,,,unresolved,18,4,awb/Tiered_Assessment_Framework.pdf,,
NORTH_VALLEY,term,,,,,unresolved,2,1,awb/BES_Asset_Nomenclature_Specification.pdf,,
NQA-1,term,,,,,unresolved,6,1,awb/Tiered_Assessment_Framework.pdf,,
NRC,term,,,,,accepted,61,12,dba-ma-smr/DBA-MA-SMR-FC1_SMR_Facility_Class_Design_Basis.pdf,,Standard term; agency name
NUC-001-4,term,,global,,Nuclear Plant Interface Coordination,candidate,5,1,dba-en/DBA-EN-SF_Energy_Sector_Framework.pdf,,
OE,family,,,,Operational Event,defined,23,6,dba-en/DBA-OIL-FC4_Crude_Product_Transport.pdf,,
OE-1,member,OE,per-document,"DBA-GAS-FC2_Natural_Gas_Processing.pdf = feed gas composition excursion | DBA-GAS-FC3_Underground_Storage.pdf = Working gas inventory shortfall entering peak season | DBA-OIL-FC2_Offshore_Crude_Production.pdf = Production allocation or export-scheduling error | DBA-OIL-FC3_Terminals_Storage.pdf = Throughputscheduling / productrouting error | DBA-OIL-FC4_Crude_Product_Transport.pdf = stuck pig, short-segment isolation",,defined,19,6,dba-en/DBA-GAS-FC3_Underground_Storage.pdf,,
OE-2,member,OE,per-document,DBA-GAS-FC2_Natural_Gas_Processing.pdf = APC operating-band encroachment on SIS trip points | DBA-GAS-FC3_Underground_Storage.pdf = Withdrawalscheduling / inventorymanagement error | DBA-GAS-FC4_Local_Distribution.pdf = LDC peaking-resource shortfall entering winter | DBA-OIL-FC3_Terminals_Storage.pdf = Seasonal productinventory shortfall (Northeast heating oil) | DBA-OIL-FC4_Crude_Product_Transport.pdf = product contamination — corridor-wide,,defined,34,6,dba-en/DBA-GAS-FC2_Natural_Gas_Processing.pdf,,
OE-3,member,OE,global,,"pressure transient, MAOP exceedance without release",defined,3,2,dba-en/DBA-OIL-FC4_Crude_Product_Transport.pdf,,
OE-4,member,OE,global,,Control room staffing below the minimum complement,defined,6,2,dba-en/DBA-OIL-FC4_Crude_Product_Transport.pdf,,
OEM,term,,,,,unresolved,13,3,dba-en/DBA-ES-GN-FC7_Oil_Fired_Generation.pdf,,
OI-1,term,,,,,unresolved,22,13,dba-en/DBA-ES-DI-FC5_Distribution_Edge_Generation.pdf,,
OI-2,term,,global,,DBA-EN-SF,defined,7,5,dba-en/DBA-ES-CntlCo_Control_Company.pdf,,
OI-4,term,,per-document,DBA-EN_Series_Introduction.pdf = DBA-EN-SF | DBA-ES-CntlCo_Control_Company.pdf = sequential MTS attack,and DBA-EN-SF,candidate,8,4,dba-en/DBA-GAS-FC4_Local_Distribution.pdf,,
OI-5,term,,,,,unresolved,2,1,dba-en/DBA-EN-SF_Energy_Sector_Framework.pdf,,
OI-8,term,,,,,unresolved,12,8,dba-en/DBA-ES-DI-FC5_Distribution_Edge_Generation.pdf,,
OI-DC-1,term,,,,,unresolved,3,1,dba-en/DBA-EN-SF_Energy_Sector_Framework.pdf,,
OI-MA-1,term,,,,,unresolved,3,1,dba-en/DBA-EN-SF_Energy_Sector_Framework.pdf,,
ONE-ISAC,term,,global,,formerly ONG-ISAC,defined,12,5,dba-en/DBA-GAS-FC1_Natural_Gas_Transmission.pdf,,
ONG,term,,,,TSA Guidelines,candidate,17,4,dba-en/DBA-GAS-POL_Deterrence.pdf,,
ONG-ISAC,term,,,,,unresolved,8,3,dba-en/DBA-GAS-FC1_Natural_Gas_Transmission.pdf,,
OSHA,term,,,,,unresolved,17,9,dba-en/DBA-OIL-FC1_Petroleum_Refining.pdf,,
OT,term,,,,Guide to Operational Technology,defined,41,17,command-broker/DBA-VC_Vendor_Companion.pdf,and Operation Technology | and Operational Technology,
PACS,term,,,,Physical Access Control System,defined,8,2,awb/ERT_Companion_Proposal.pdf,,
PE,family,,,,Power Supply and Grid Interface Events,defined,27,7,dba-en/DBA-ES-GC-FC4_Compressor_Station.pdf,,
PE-1,member,PE,per-document,DBA-DC-FC1_Hyperscale_Design_Basis.pdf = Short-duration utility power loss | DBA-ES-DI-FC5_Distribution_Edge_Generation.pdf = Transmission feed loss | DBA-ES-GC-FC4_Compressor_Station.pdf = Loss of station electric power — utility supply | DBA-ES-TX-FC2_EHV_Substation.pdf = N-1 transmission loss | DBA-ES-TX-FC3_HVDC_Interconnect.pdf = AC fault causing forced converter block.,,defined,12,5,dba-dc/DBA-DC-FC1_Hyperscale_Design_Basis.pdf,,
PE-2,member,PE,per-document,DBA-DC-FC1_Hyperscale_Design_Basis.pdf = Extended-duration utility power loss | DBA-ES-DI-FC5_Distribution_Edge_Generation.pdf = Fuel supply exhaustion | DBA-ES-GC-FC4_Compressor_Station.pdf = Loss of station electric power — extended outage | DBA-ES-TX-FC2_EHV_Substation.pdf = N-1-1 transmission loss | DBA-ES-TX-FC3_HVDC_Interconnect.pdf = Commutation failure at the inverter terminal,,defined,11,5,dba-dc/DBA-DC-FC1_Hyperscale_Design_Basis.pdf,,
PE-3,member,PE,per-document,DBA-DC-FC1_Hyperscale_Design_Basis.pdf = Catastrophic-duration utility power loss | DBA-ES-DI-FC5_Distribution_Edge_Generation.pdf = Generation capacity shortfall | DBA-ES-TX-FC2_EHV_Substation.pdf = Complete loss of high-side bus | DBA-ES-TX-FC3_HVDC_Interconnect.pdf = DC line fault,,defined,18,5,dba-dc/DBA-DC-FC1_Hyperscale_Design_Basis.pdf,,
PE-4,member,PE,per-document,DBA-DC-FC1_Hyperscale_Design_Basis.pdf = Voltage excursion without loss of power | DBA-ES-GC-FC4_Compressor_Station.pdf = Fuel gas supply loss for gas-driven compressor units | DBA-ES-TX-FC2_EHV_Substation.pdf = Voltage excursion — high | DBA-ES-TX-FC3_HVDC_Interconnect.pdf = Converter station auxiliary power loss,,defined,10,4,dba-dc/DBA-DC-FC1_Hyperscale_Design_Basis.pdf,,
PE-5,member,PE,global,,Voltage excursion — low,defined,2,2,dba-en/DBA-ES-TX-FC2_EHV_Substation.pdf,,
PE-SS,member,PE,global,,Station Service Loss,candidate,4,2,dba-en/DBA-ES-DI-FC5_Distribution_Edge_Generation.pdf,,
PE-SS-1,member,PE,,,,unresolved,1,1,dba-en/DBA-ES-DI-FC5_Distribution_Edge_Generation.pdf,,
PE-SS-2,member,PE,global,,station service transformer failure,defined,1,1,dba-en/DBA-ES-DI-FC5_Distribution_Edge_Generation.pdf,,
PE-SS-3,member,PE,,,,unresolved,3,1,dba-en/DBA-ES-DI-FC5_Distribution_Edge_Generation.pdf,,
PHMSA,term,,,,Pipeline and Hazardous Materials Safety Administration,defined,128,18,dba-en/DBA-OIL-FC4_Crude_Product_Transport.pdf,,
PI-1,term,,global,,Fire,defined,4,1,dba-dc/DBA-DC-FC1_Hyperscale_Design_Basis.pdf,,
PI-2,term,,global,,Physical damage to critical infrastructure points,defined,11,1,dba-dc/DBA-DC-FC1_Hyperscale_Design_Basis.pdf,,
PJM,term,,,,and MidAtlantic,candidate,15,2,dba-dc/DBA-DC-FC1_Hyperscale_Design_Basis.pdf,,
PL-1,term,,,,,unresolved,3,1,dba-en/DBA-ES-CntlCo_Control_Company.pdf,,
PL-4,term,,,,,unresolved,5,2,dba-en/DBA-ES-CntlCo_Control_Company.pdf,,
PL-5,term,,,,,unresolved,3,2,dba-en/DBA-ES-CntlCo_Control_Company.pdf,,
PLEM,term,,,,,unresolved,11,1,dba-en/DBA-OIL-FC2_Offshore_Crude_Production.pdf,,
PMU,term,,,,Phasor Measurement Unit,defined,10,5,dba-en/DBA-EN-SF_Energy_Sector_Framework.pdf,,
PPD-21,term,,,,,unresolved,5,5,dba-en/DBA-EN-SF_Energy_Sector_Framework.pdf,,
PPSD,term,,,,Pipeline Pressure Supply Duration,defined,103,7,dba-en/DBA-GAS-FC2_Natural_Gas_Processing.pdf,Governing Consequence Metric Pipeline Pressure Supply Duration,
PRC-024,term,,global,,Generator Frequency and Voltage Protective Relay Settings,candidate,6,3,dba-en/DBA-ES-HY-FC1_Hydroelectric_Storage.pdf,,
PRC-024-3,term,,,,,unresolved,2,2,dba-en/DBA-ES-DI-FC5_Distribution_Edge_Generation.pdf,,
PSM,term,,,,Process Safety Management,defined,11,6,dba-en/DBA-GAS-FC2_Natural_Gas_Processing.pdf,,
PUC,term,,,,,unresolved,21,4,dba-en/DBA-EN-SF_Energy_Sector_Framework.pdf,,
PV,term,,,,,unresolved,17,5,dba-en/DBA-ES-GN-FC8_Renewable_Generation_BESS.pdf,,
QA,term,,,,,unresolved,10,2,command-broker/DBA-VC_Vendor_Companion.pdf,,
RADC,term,,,,Resilience-Adjusted Delivered Cost,candidate,8,2,papers/GenMix_Optimization_Whitepaper.pdf,,
RC,term,,,,Reliability Coordinator,defined,52,5,dba-en/DBA-ES-CntlCo_Control_Company.pdf,,
REL-21,term,,,,,unresolved,3,1,awb/BES_Asset_Nomenclature_Specification.pdf,,
REL-67,term,,,,,unresolved,2,1,awb/BES_Asset_Nomenclature_Specification.pdf,,
REL-87,term,,,,,unresolved,4,1,awb/BES_Asset_Nomenclature_Specification.pdf,,
REL-87L,term,,,,,unresolved,5,1,awb/BES_Asset_Nomenclature_Specification.pdf,,
REL-87LB,term,,,,,unresolved,2,1,awb/BES_Asset_Nomenclature_Specification.pdf,,
REL-87LP,term,,,,,unresolved,3,1,awb/BES_Asset_Nomenclature_Specification.pdf,,
REL-87P,term,,,,,unresolved,2,1,awb/BES_Asset_Nomenclature_Specification.pdf,,
REL-87T,term,,,,,unresolved,2,1,awb/BES_Asset_Nomenclature_Specification.pdf,,
RFI,term,,,,,unresolved,11,1,awb/ERT_Companion_Proposal.pdf,,
RISK,term,,,,,unresolved,13,1,command-broker/DBA-VC_Vendor_Companion.pdf,,
RIVRBND-COALU1,term,,,,,unresolved,2,1,awb/BES_Asset_Nomenclature_Specification.pdf,,
RMR,term,,,,,unresolved,30,5,dba-en/DBA-ES-GN-FC7_Oil_Fired_Generation.pdf,,
ROCOF,term,,,,,unresolved,8,4,dba-en/DBA-ES-GN-FC8_Renewable_Generation_BESS.pdf,,
ROV,term,,,,,unresolved,13,1,dba-en/DBA-OIL-FC2_Offshore_Crude_Production.pdf,,
RTO,term,,,,and Real-Time Optimization,candidate,55,11,dba-en/DBA-ES-GN-FC7_Oil_Fired_Generation.pdf,,
RT_HVLLC,term,,,,Recovery Timeline for High-Value Long-Lead Components,accepted,215,20,dba-en/DBA-ES-GN-FC6_Coal_Generation.pdf,,Was split into phantom RT and HVLLC before the underscore fix
SABD,term,,,,Situational Awareness Blackout Duration,defined,68,8,dba-en/DBA-ES-CntlCo_Control_Company.pdf,SL-5 IC-1,
SBOM,term,,,,,unresolved,12,1,awb/SCRM_Companion_Agent.pdf,,
SCADA,term,,,,,accepted,326,32,dba-en/DBA-OIL-FC4_Crude_Product_Transport.pdf,,Universally known in the field; expansion adds nothing
SCADA-SRV,term,,,,,unresolved,2,1,awb/BES_Asset_Nomenclature_Specification.pdf,,
SCADA_SRV,term,,,,,unresolved,2,1,awb/BES_Asset_Nomenclature_Specification.pdf,,
SCC,term,,,,,unresolved,12,4,dba-en/DBA-GAS-POL_Deterrence.pdf,,
SCRM,term,,,,Supply Chain Risk Management,accepted,61,2,awb/SCRM_Companion_Agent.pdf,,
SD-01D,term,,global,,"pipeline cybersecurity, 2021-2022",defined,3,3,dba-en/DBA-ES_Sector_Framework.pdf,,
SD-02A,term,,,,,unresolved,2,2,dba-en/DBA-GAS-FC2_Natural_Gas_Processing.pdf,,
SD-02B,term,,,,,unresolved,2,2,dba-en/DBA-GAS-FC2_Natural_Gas_Processing.pdf,,
SD-02C,term,,,,,unresolved,9,6,dba-en/DBA-ES-GC-FC4_Compressor_Station.pdf,,
SDD,term,,,,Supply Delivery Duration,defined,143,7,dba-en/DBA-OIL-FC4_Crude_Product_Transport.pdf,Governing Consequence Metric Supply Delivery Duration | Supply Delivery Duration Metric Definition Supply Delivery Duration | Supply Delivery Duration Metric Definition The,
SE,family,,,,Structural and Physical Integrity Events,defined,28,7,dba-en/DBA-ES-TX-FC2_EHV_Substation.pdf,,
SE-1,member,SE,per-document,DBA-ES-DI-FC5_Distribution_Edge_Generation.pdf = transformer failure or destruction | DBA-ES-GC-FC4_Compressor_Station.pdf = Compressor unit failure — mechanical | DBA-ES-TX-FC2_EHV_Substation.pdf = LPT failure — internal fault,,defined,9,4,dba-en/DBA-ES-DI-FC5_Distribution_Edge_Generation.pdf,,
SE-2,member,SE,per-document,DBA-ES-DI-FC5_Distribution_Edge_Generation.pdf = Switchgear failure | DBA-ES-GC-FC4_Compressor_Station.pdf = compressor unit fire or explosion requiring unit replacement | DBA-ES-TX-FC2_EHV_Substation.pdf = LPT external physical damage requiring replacement,,defined,14,4,dba-en/DBA-ES-TX-FC2_EHV_Substation.pdf,,
SE-3,member,SE,per-document,DBA-ES-DI-FC5_Distribution_Edge_Generation.pdf = Physical security breach | DBA-ES-GC-FC4_Compressor_Station.pdf = Pipeline physical damage — rupture or leak | DBA-ES-TX-FC2_EHV_Substation.pdf = EHV circuit breaker failure | DBA-ES-TX-FC3_HVDC_Interconnect.pdf = Thyristor valve damage or failure,,defined,5,4,dba-en/DBA-ES-DI-FC5_Distribution_Edge_Generation.pdf,,
SE-4,member,SE,per-document,DBA-ES-GC-FC4_Compressor_Station.pdf = extreme cold/winterization failure | DBA-ES-TX-FC2_EHV_Substation.pdf = Seismic event | DBA-ES-TX-FC3_HVDC_Interconnect.pdf = Geomagnetic disturbance (GMD),,defined,9,3,dba-en/DBA-ES-GC-FC4_Compressor_Station.pdf,,
SE-5,member,SE,per-document,DBA-ES-GC-FC4_Compressor_Station.pdf = Natural hazard — compound event | DBA-ES-TX-FC2_EHV_Substation.pdf = Extreme wind/tornado | DBA-ES-TX-FC3_HVDC_Interconnect.pdf = Compound natural hazard,,defined,3,3,dba-en/DBA-ES-GC-FC4_Compressor_Station.pdf,,
SE-6,member,SE,global,,Compound natural hazard,defined,1,1,dba-en/DBA-ES-TX-FC2_EHV_Substation.pdf,,
SFP,term,,,,,unresolved,31,2,dba-uxs/DBA-MA-UxS-NA_Nuclear_Annex.pdf,,
SIEM,term,,,,for the Security Information and Event Management,defined,10,2,awb/ERT_Companion_Proposal.pdf,,
SIS,term,,,,safety instrumented system,accepted,71,6,dba-en/DBA-GAS-FC2_Natural_Gas_Processing.pdf,,Expanded in DBA-GAS-FC2
SL,term,,,,and SoftwareData Layer,defined,11,2,dba-en/DBA-ES-CntlCo_Control_Company.pdf,on Software-Data,
SL-1,term,,,,,unresolved,3,1,dba-en/DBA-ES-CntlCo_Control_Company.pdf,,
SL-5,term,,,,,unresolved,3,2,dba-en/DBA-ES-CntlCo_Control_Company.pdf,,
SMR,term,,,,New-Build Comparison for Continuous Load Service Metric Nuclear,candidate,96,5,dba-ma-smr/DBA-MA-SMR-FC1_SMR_Facility_Class_Design_Basis.pdf,,
SOLAR-PV,term,,global,,Photovoltaic solar generation,defined,2,1,awb/BES_Asset_Nomenclature_Specification.pdf,,
SOLAR-T,term,,global,,Concentrating solar thermal generation,defined,2,1,awb/BES_Asset_Nomenclature_Specification.pdf,,
SPCC,term,,,,and Countermeasure,candidate,8,3,dba-en/DBA-OIL-FC3_Terminals_Storage.pdf,,
SPR,term,,,,Strategic Petroleum Reserve,defined,34,7,dba-en/DBA-GAS-FC1_Natural_Gas_Transmission.pdf,Strategic Petroleum Reserve The Strategic Petroleum Reserve | Military Action Reserve,
SRV-01,term,,,,,unresolved,2,1,awb/BES_Asset_Nomenclature_Specification.pdf,,
SSC,term,,,,,unresolved,12,2,dba-uxs/DBA-MA-UxS-NA_Nuclear_Annex.pdf,,
STEP,term,,,,Spare Transformer Equipment Program,defined,22,6,dba-en/DBA-ES-TX-FC2_EHV_Substation.pdf,and Spare Transformer Equipment Program,
TA-1,term,,,,,unresolved,7,1,dba-ma/DBA-MA_Introduction.pdf,,
TA-2,term,,,,,unresolved,7,1,dba-ma/DBA-MA_Introduction.pdf,,
TA-3,term,,,,,unresolved,7,1,dba-ma/DBA-MA_Introduction.pdf,,
TA-F,term,,,,,unresolved,3,1,dba-ma/DBA-MA_Introduction.pdf,,
TAS,term,,,,,unresolved,27,1,dba-en/DBA-OIL-FC3_Terminals_Storage.pdf,,
TCI,term,,,,Transfer Capability Isolation,defined,54,4,dba-en/DBA-ES-TX-FC3_HVDC_Interconnect.pdf,TCI Metric Transfer Capability Isolation,
TM-1,term,,global,,Loss of mechanical cooling,defined,3,1,dba-dc/DBA-DC-FC1_Hyperscale_Design_Basis.pdf,,
TM-2,term,,global,,Loss of cooling water supply,defined,3,1,dba-dc/DBA-DC-FC1_Hyperscale_Design_Basis.pdf,,
TM-3,term,,global,,Combined power and thermal stress,defined,3,1,dba-dc/DBA-DC-FC1_Hyperscale_Design_Basis.pdf,,
TPL,term,,,,,unresolved,8,4,dba-en/DBA-EN-SF_Energy_Sector_Framework.pdf,,
TPL-001-5,term,,,,,unresolved,2,2,dba-en/DBA-ES-TX-FC2_EHV_Substation.pdf,,
TSA,term,,,,Transportation Security Administration,defined,145,22,dba-en/DBA-GAS-POL_Deterrence.pdf,,
UA,term,,,,,unresolved,10,3,papers/UA_Grid_Defense_Cyber_Kinetic.pdf,,
UAS,term,,,,Uncrewed Aerial System,defined,160,17,dba-uxs/DBA-UxS_Cross_Sector.pdf,Uncrewed Aerial Systems,
UAS-USV,term,,,,,unresolved,3,2,dba-uxs/DBA-MA-UxS-NA_Nuclear_Annex.pdf,,
UAS-UUV,term,,,,,unresolved,2,1,dba-uxs/DBA-MA-UxS-NA_Nuclear_Annex.pdf,,
UC-2,term,,,,,unresolved,5,2,dba-en/DBA-ES-CntlCo_Control_Company.pdf,,
UFLS,term,,,,under frequency load shed,accepted,21,6,dba-en/DBA-EN-SF_Energy_Sector_Framework.pdf,,
UK,term,,,,,unresolved,10,5,dba-en/DBA-GAS-UC-LNG_LNG_Terminal.pdf,,
UPS,term,,,,,unresolved,11,7,dba-en/DBA-ES-DI-FC5_Distribution_Edge_Generation.pdf,,
USA,term,,,,,unresolved,12,2,dba-en/DBA-GAS-UC-LNG_LNG_Terminal.pdf,,
USCG,term,,,,Coast Guard,candidate,64,10,dba-en/DBA-GAS-UC-LNG_LNG_Terminal.pdf,Cybersecurity and Infrastructure Security Agency COTP Captain of the Port,
UST,term,,,,,unresolved,15,1,dba-en/DBA-ES-HY-FC1_Hydroelectric_Storage.pdf,,
USV,term,,,,Uncrewed Surface Vessel,defined,86,7,dba-uxs/DBA-UxS_Cross_Sector.pdf,Uncrewed Surface Vessels,
UUV,term,,,,Uncrewed Undersea Vehicle,defined,70,6,dba-uxs/DBA-UxS_Cross_Sector.pdf,Uncrewed Undersea Vehicles,
VCE,term,,,,Vapor Cloud Explosion,defined,20,2,dba-en/DBA-GAS-UC-LNG_LNG_Terminal.pdf,,
VSD,term,,,,,unresolved,18,2,dba-en/DBA-ES-GC-FC4_Compressor_Station.pdf,,
WM-1,term,,global,,Workload Migration,defined,7,1,dba-dc/DBA-DC-FC1_Hyperscale_Design_Basis.pdf,,
WM-2,term,,global,,Workload migration events,defined,5,1,dba-dc/DBA-DC-FC1_Hyperscale_Design_Basis.pdf,,
WM-3,term,,global,,Cross-interconnection load transient,defined,7,2,dba-dc/DBA-DC-FC1_Hyperscale_Design_Basis.pdf,,
WSTFLD-345,term,,,,,unresolved,17,1,awb/BES_Asset_Nomenclature_Specification.pdf,,
WSTFLD-METRO-345-L1,term,,,,,unresolved,5,1,awb/BES_Asset_Nomenclature_Specification.pdf,,
WSTFLD-METRO-345L1,term,,global,,Transmission Line,defined,6,1,awb/BES_Asset_Nomenclature_Specification.pdf,,
WSTFLD-SUB,term,,,,,unresolved,3,1,awb/BES_Asset_Nomenclature_Specification.pdf,,
XC,family,,,,Cross-Sector Cascade Events,defined,49,14,dba-en/DBA-ES-GC-FC4_Compressor_Station.pdf,,
XC-1,member,XC,per-document,DBA-ES-DI-FC5_Distribution_Edge_Generation.pdf = Defense-critical load interruption | DBA-ES-GC-FC4_Compressor_Station.pdf = gas-electric cascade: GenCo generation curtailment | DBA-ES-TX-FC2_EHV_Substation.pdf = Metropolitan load pocket deprivation,,defined,24,11,dba-en/DBA-ES-DI-FC5_Distribution_Edge_Generation.pdf,,
XC-2,member,XC,per-document,DBA-ES-DI-FC5_Distribution_Edge_Generation.pdf = Critical service cascade | DBA-ES-GC-FC4_Compressor_Station.pdf = reverse cascade | DBA-ES-TX-FC2_EHV_Substation.pdf = Grid cascade from FC2 loss in the constrained | DBA-OIL-FC3_Terminals_Storage.pdf = Pipeline-interface stranding (DBA-OILFC4 transport event) | DBA-OIL-FC4_Crude_Product_Transport.pdf = Refinery throughput curtailment — crude demand reduction,,defined,23,11,dba-en/DBA-ES-GC-FC4_Compressor_Station.pdf,,
XC-3,member,XC,per-document,DBA-ES-DI-FC5_Distribution_Edge_Generation.pdf = Reverse cascade from failed resynchronization | DBA-ES-GC-FC4_Compressor_Station.pdf = critical load curtailment through GenCo generation loss | DBA-ES-TX-FC2_EHV_Substation.pdf = defense-critical load disruption via direct supply | DBA-ES-TX-FC3_HVDC_Interconnect.pdf = cross-sector consequence through regional power deficit | DBA-OIL-FC4_Crude_Product_Transport.pdf = Terminal storage overflow — pipeline delivery constraint,,defined,28,10,dba-en/DBA-ES-GC-FC4_Compressor_Station.pdf,,
XC-4,member,XC,per-document,DBA-ES-CntlCo_Control_Company.pdf = governing XC consequence event | DBA-ES-GC-FC4_Compressor_Station.pdf = heating fuel supply loss during peak demand | DBA-ES-TX-FC3_HVDC_Interconnect.pdf = Attack timed to peak import dependency. | DBA-GAS-FC4_Local_Distribution.pdf = residential heating dependency,in DBA-ESGC-FC4,candidate,32,8,dba-en/DBA-GAS-FC4_Local_Distribution.pdf,,
